{"cameraMode":{"drawMode":0,"name":"Shaded","section":"Shading Mode"},"sceneLighting":false,"audioPlay":false,"sceneViewState":{"m_AlwaysRefresh":false,"showFog":true,"showSkybox":false,"showFlares":true,"showImageEffects":true,"showParticleSystems":true,"showVisualEffectGraphs":true,"m_FxEnabled":true},"in2DMode":false,"pivot":{"x":-0.005180478096008301,"y":-0.09878629446029663,"z":-0.16809988021850587},"rotation":{"x":-0.03642774000763893,"y":0.4499213397502899,"z":-0.018371397629380227,"w":-0.8921356797218323},"size":2.162186622619629,"orthographic":false}