{"cameraMode":{"drawMode":0,"name":"Shaded","section":"Shading Mode"},"sceneLighting":true,"audioPlay":false,"sceneViewState":{"m_AlwaysRefresh":false,"showFog":true,"showSkybox":true,"showFlares":true,"showImageEffects":true,"showParticleSystems":true,"showVisualEffectGraphs":true,"m_FxEnabled":true},"in2DMode":false,"pivot":{"x":0.41575586795806887,"y":15.526640892028809,"z":-0.19274990260601045},"rotation":{"x":-0.0026488418225198986,"y":-0.5985527634620667,"z":0.0019836497958749534,"w":-0.8010458946228027},"size":4.201325416564941,"orthographic":false}